{
    "metadata": {
        "version": 4,
        "type": "geometry",
        "generator": "GeometryExporter"
    },
    "vertices": [0, 1, 0, -2, 1, 0, -1, -1.5, 0, 0, 1, 0, -1.5, 1, -6, -2.5, -1.5, -7, -0.5, -1.5, -7, -1.5, 1, -6, -1.5, 3, -7, -1.5, 3, -7],
    "normals": [0, 1, 0, -0.91, 0.39, -0.07, -0.91, -0.3642512378726507, 0.19513459171749145, 0.92644153721524, -0.370576614886096, 0.06617439551537428, -0.8728715609439694, -0.4364357804719847, 0.21821789023599236, -0.8955334711889902, 0.19900743804199783, 0.39801487608399566, 0.8955334711889902, 0.19900743804199783, 0.39801487608399566],
    "uvs": [[0.5, 1, 0.5, 0.2, 0.35, 1, 0.35, 0, 0.15, 1, 0.15000000000000002, 0, 0, 1, 0, 0.2, 0.5, 0, 0, 0]],
    "faces": [24, 0, 4, 1, 0, 1, 2, 0, 24, 1, 4, 5, 2, 1, 3, 1, 24, 1, 5, 2, 2, 3, 4, 2, 24, 2, 6, 5, 4, 5, 3, 0, 24, 2, 6, 3, 4, 5, 6, 3, 24, 3, 7, 6, 6, 7, 5, 4, 24, 4, 8, 5, 1, 8, 3, 5, 24, 6, 9, 7, 5, 9, 7, 6]
}